[
   {
      "command" : "require",
      "group" : "0",
      "name" : "product",
      "value" : "arom-tiny"
   },
   {
      "command" : "require",
      "group" : "0",
      "name" : "version",
      "value" : "0.5"
   },
   {
      "command" : "require",
      "group" : "0",
      "name" : "version-bootrom",
      "value" : "2020.07.30"
   },
   {
      "command" : "progress",
      "group" : "0",
      "name" : "weight",
      "value" : 27237261
   },
   {
      "command" : "call",
      "group" : "0",
      "image" : "preboot.img"
   },
   {
      "command" : "call",
      "group" : "0",
      "image" : "flasher.img"
   },
   {
      "command" : "partition",
      "group" : "0",
      "image" : "flashinfo.bin"
   },
   {
      "command" : "partition",
      "group" : "0",
      "image" : "partition.bin"
   },
   {
      "command" : "flash",
      "group" : "1",
      "image" : "bootloader.ubi",
      "partition" : "bootloader",
      "weight" : 233472
   },
   {
      "command" : "flash",
      "group" : "2",
      "image" : "partition.bin",
      "partition" : "ptable",
      "weight" : 6284
   },
   {
      "command" : "flash",
      "group" : "2",
      "image" : "fwcerts.bin",
      "partition" : "fwcerts",
      "weight" : 14324
   },
   {
      "command" : "flash",
      "group" : "2",
      "image" : "ReliableData.bin",
      "partition" : "rd",
      "weight" : 131072
   },
   {
      "command" : "flash",
      "group" : "2",
      "image" : "apn.bin",
      "partition" : "apn",
      "weight" : 47021
   },
   {
      "command" : "flash",
      "group" : "2",
      "image" : "cp.bin",
      "partition" : "cp",
      "weight" : 12025856
   },
   {
      "command" : "flash",
      "group" : "2",
      "image" : "dsp.bin",
      "partition" : "dsp",
      "weight" : 2203015
   },
   {
      "command" : "flash",
      "group" : "2",
      "image" : "rf.bin",
      "partition" : "rfbin",
      "weight" : 65536
   },
   {
      "command" : "flash",
      "group" : "2",
      "image" : "logo.bin",
      "partition" : "logo",
      "weight" : 55289
   },
   {
      "command" : "flash",
      "group" : "2",
      "image" : "updater.bin",
      "partition" : "updater",
      "weight" : 250976
   },
   {
      "command" : "flash",
      "group" : "2",
      "image" : "btlst.bin",
      "partition" : "btlst",
      "weight" : 6372
   },
   {
      "command" : "flash",
      "group" : "2",
      "image" : "btbin.bin",
      "partition" : "btbin",
      "weight" : 97792
   },
   {
      "command" : "flash",
      "group" : "7",
      "image" : "customer_app.bin",
      "partition" : "customer_app",
      "weight" : 680604
   },
   {
      "command" : "erase",
      "group" : "3",
      "partition" : "fota_param",
      "weight" : 16384
   },
   {
      "command" : "erase",
      "group" : "3",
      "partition" : "fota_pkg",
      "weight" : 4718592
   },
   {
      "command" : "flash",
      "group" : "4",
      "image" : "nvm.bin",
      "partition" : "nvm",
      "weight" : 6291456
   },
   {
      "command" : "erase",
      "group" : "5",
      "partition" : "factory_a",
      "productionOnly" : true,
      "weight" : 65536
   },
   {
      "command" : "erase",
      "group" : "5",
      "partition" : "factory_b",
      "productionOnly" : true,
      "weight" : 65536
   },
   {
      "command" : "erase",
      "group" : "8",
      "partition" : "cus_data",
      "weight" : 262144
   }
]
