[
   {
      "command" : "require",
      "group" : "0",
      "name" : "product",
      "value" : "arom-tiny"
   },
   {
      "command" : "require",
      "group" : "0",
      "name" : "version",
      "value" : "0.5"
   },
   {
      "command" : "require",
      "group" : "0",
      "name" : "version-bootrom",
      "value" : "2020.07.30"
   },
   {
      "command" : "progress",
      "group" : "0",
      "name" : "weight",
      "value" : 15635089
   },
   {
      "command" : "call",
      "group" : "0",
      "image" : "preboot.img"
   },
   {
      "command" : "call",
      "group" : "0",
      "image" : "flasher.img"
   },
   {
      "command" : "partition",
      "group" : "0",
      "image" : "flashinfo.bin"
   },
   {
      "command" : "partition",
      "group" : "0",
      "image" : "partition.bin"
   },
   {
      "command" : "flash",
      "group" : "1",
      "image" : "bootloader.ubi",
      "partition" : "bootloader",
      "weight" : 241664
   },
   {
      "command" : "flash",
      "group" : "2",
      "image" : "partition.bin",
      "partition" : "ptable",
      "weight" : 6284
   },
   {
      "command" : "flash",
      "group" : "2",
      "image" : "fwcerts.bin",
      "partition" : "fwcerts",
      "weight" : 14324
   },
   {
      "command" : "flash",
      "group" : "2",
      "image" : "ReliableData.bin",
      "partition" : "rd",
      "weight" : 131072
   },
   {
      "command" : "flash",
      "group" : "2",
      "image" : "apn.bin",
      "partition" : "apn",
      "weight" : 50116
   },
   {
      "command" : "flash",
      "group" : "2",
      "image" : "cp.bin",
      "partition" : "cp",
      "weight" : 9723904
   },
   {
      "command" : "flash",
      "group" : "2",
      "image" : "dsp.bin",
      "partition" : "dsp",
      "weight" : 2217658
   },
   {
      "command" : "flash",
      "group" : "2",
      "image" : "rf.bin",
      "partition" : "rfbin",
      "weight" : 65536
   },
   {
      "command" : "flash",
      "group" : "2",
      "image" : "logo.bin",
      "partition" : "logo",
      "weight" : 70963
   },
   {
      "command" : "flash",
      "group" : "2",
      "image" : "updater.bin",
      "partition" : "updater",
      "weight" : 250976
   },
   {
      "command" : "flash",
      "group" : "2",
      "image" : "btlst.bin",
      "partition" : "btlst",
      "weight" : 7168
   },
   {
      "command" : "flash",
      "group" : "2",
      "image" : "btbin.bin",
      "partition" : "btbin",
      "weight" : 94720
   },
   {
      "command" : "erase",
      "group" : "3",
      "partition" : "fota_param",
      "weight" : 4096
   },
   {
      "command" : "erase",
      "group" : "3",
      "partition" : "fota_pkg",
      "weight" : 4096
   },
   {
      "command" : "flash",
      "group" : "4",
      "image" : "nvm.bin",
      "partition" : "nvm",
      "weight" : 2621440
   },
   {
      "command" : "erase",
      "group" : "5",
      "partition" : "factory_a",
      "productionOnly" : true,
      "weight" : 65536
   },
   {
      "command" : "erase",
      "group" : "5",
      "partition" : "factory_b",
      "productionOnly" : true,
      "weight" : 65536
   }
]
