[
   {
      "command" : "require",
      "group" : "0",
      "name" : "product",
      "value" : "arom-tiny"
   },
   {
      "command" : "require",
      "group" : "0",
      "name" : "version",
      "value" : "0.5"
   },
   {
      "command" : "require",
      "group" : "0",
      "name" : "version-bootrom",
      "value" : "2021.10.16"
   },
   {
      "command" : "progress",
      "group" : "0",
      "name" : "weight",
      "value" : 6922240
   },
   {
      "command" : "call",
      "group" : "0",
      "image" : "preboot.img"
   },
   {
      "command" : "call",
      "group" : "0",
      "image" : "flasher.img"
   },
   {
      "command" : "partition",
      "group" : "0",
      "image" : "flashinfo.bin"
   },
   {
      "command" : "partition",
      "group" : "0",
      "image" : "partition.bin"
   },
   {
      "command" : "flash",
      "group" : "1",
      "image" : "bootloader.ubi",
      "partition" : "bootloader",
      "weight" : 163840
   },
   {
      "command" : "flash",
      "group" : "2",
      "image" : "partition.bin",
      "partition" : "ptable",
      "weight" : 8192
   },
   {
      "command" : "flash",
      "group" : "2",
      "image" : "ReliableData.bin",
      "partition" : "rd",
      "weight" : 65536
   },
   {
      "command" : "flash",
      "group" : "2",
      "image" : "cp.bin",
      "partition" : "cp",
      "weight" : 5496832
   },
   {
      "command" : "flash",
      "group" : "2",
      "image" : "dsp.bin",
      "partition" : "dsp",
      "weight" : 229376
   },
   {
      "command" : "flash",
      "group" : "2",
      "image" : "rf.bin",
      "partition" : "rfbin",
      "weight" : 8192
   },
   {
      "command" : "flash",
      "group" : "7",
      "image" : "customer_app.bin",
      "partition" : "customer_app",
      "weight" : 413696
   },
   {
      "command" : "flash",
      "group" : "3",
      "image" : "fota_param.bin",
      "partition" : "fota_param",
      "weight" : 24576
   },
   {
      "command" : "erase",
      "group" : "4",
      "partition" : "nvm",
      "weight" : 446464
   },
   {
      "command" : "erase",
      "group" : "5",
      "partition" : "factory",
      "productionOnly" : true,
      "weight" : 32768
   },
   {
      "command" : "erase",
      "group" : "8",
      "partition" : "cus_data",
      "weight" : 32768
   }
]
