[{"command": "require", "group": "0", "name": "product", "value": "arom-tiny"}, {"command": "require", "group": "0", "name": "version", "value": "0.5"}, {"command": "require", "group": "0", "name": "version-bootrom", "value": "2021.10.16"}, {"command": "progress", "group": "0", "name": "weight", "value": 423340}, {"command": "call", "group": "0", "image": "preboot.img"}, {"command": "call", "group": "0", "image": "flasher.img"}, {"command": "partition", "group": "0", "image": "flashinfo.bin"}, {"command": "partition", "group": "0", "image": "partition.bin"}, {"command": "flash", "group": "7", "image": "customer_app.bin", "partition": "customer_app", "weight": 423340}]